File,Class
new_1_1.mat,0
new_1_2.mat,0
new_1_3.mat,0
new_1_4.mat,0
new_1_5.mat,0
new_1_6.mat,0
new_1_7.mat,0
new_1_8.mat,0
new_1_9.mat,0
new_1_10.mat,0
new_1_11.mat,0
new_1_12.mat,0
new_1_13.mat,0
new_1_14.mat,0
new_1_15.mat,0
new_1_16.mat,0
new_1_17.mat,0
new_1_18.mat,0
new_1_19.mat,0
new_1_20.mat,0
new_1_21.mat,0
new_1_22.mat,0
new_1_23.mat,0
new_1_24.mat,0
new_1_25.mat,0
new_1_26.mat,0
new_1_27.mat,0
new_1_28.mat,0
new_1_29.mat,0
new_1_30.mat,0
new_1_31.mat,0
new_1_32.mat,0
new_1_33.mat,0
new_1_34.mat,0
new_1_35.mat,0
new_1_36.mat,0
new_1_37.mat,0
new_1_38.mat,0
new_1_39.mat,0
new_1_40.mat,0
new_1_41.mat,0
new_1_42.mat,0
new_1_43.mat,0
new_1_44.mat,0
new_1_45.mat,0
new_1_46.mat,0
new_1_47.mat,0
new_1_48.mat,0
new_1_49.mat,0
new_1_50.mat,0
new_1_51.mat,0
new_1_52.mat,0
new_1_53.mat,0
new_1_54.mat,0
new_1_55.mat,0
new_1_56.mat,0
new_1_57.mat,0
new_1_58.mat,0
new_1_59.mat,0
new_1_60.mat,0
new_1_61.mat,0
new_1_62.mat,0
new_1_63.mat,0
new_1_64.mat,0
new_1_65.mat,0
new_1_66.mat,0
new_1_67.mat,0
new_1_68.mat,0
new_1_69.mat,0
new_1_70.mat,0
new_1_71.mat,0
new_1_72.mat,0
new_1_73.mat,0
new_1_74.mat,0
new_1_75.mat,0
new_1_76.mat,0
new_1_77.mat,0
new_1_78.mat,0
new_1_79.mat,0
new_1_80.mat,0
new_1_81.mat,0
new_1_82.mat,0
new_1_83.mat,0
new_1_84.mat,0
new_1_85.mat,0
new_1_86.mat,0
new_1_87.mat,0
new_1_88.mat,0
new_1_89.mat,0
new_1_90.mat,0
new_1_91.mat,0
new_1_92.mat,0
new_1_93.mat,0
new_1_94.mat,0
new_1_95.mat,0
new_1_96.mat,0
new_1_97.mat,0
new_1_98.mat,0
new_1_99.mat,0
new_1_100.mat,0
new_1_101.mat,0
new_1_102.mat,0
new_1_103.mat,0
new_1_104.mat,0
new_1_105.mat,0
new_1_106.mat,0
new_1_107.mat,0
new_1_108.mat,0
new_1_109.mat,0
new_1_110.mat,0
new_1_111.mat,0
new_1_112.mat,0
new_1_113.mat,0
new_1_114.mat,0
new_1_115.mat,0
new_1_116.mat,0
new_1_117.mat,0
new_1_118.mat,0
new_1_119.mat,0
new_1_120.mat,0
new_1_121.mat,0
new_1_122.mat,0
new_1_123.mat,0
new_1_124.mat,0
new_1_125.mat,0
new_1_126.mat,0
new_1_127.mat,0
new_1_128.mat,0
new_1_129.mat,0
new_1_130.mat,0
new_1_131.mat,0
new_1_132.mat,0
new_1_133.mat,0
new_1_134.mat,0
new_1_135.mat,0
new_1_136.mat,0
new_1_137.mat,0
new_1_138.mat,0
new_1_139.mat,0
new_1_140.mat,0
new_1_141.mat,0
new_1_142.mat,0
new_1_143.mat,0
new_1_144.mat,0
new_1_145.mat,0
new_1_146.mat,0
new_1_147.mat,0
new_1_148.mat,0
new_1_149.mat,0
new_1_150.mat,0
new_1_151.mat,0
new_1_152.mat,0
new_1_153.mat,0
new_1_154.mat,0
new_1_155.mat,0
new_1_156.mat,0
new_1_157.mat,0
new_1_158.mat,0
new_1_159.mat,0
new_1_160.mat,0
new_1_161.mat,0
new_1_162.mat,0
new_1_163.mat,0
new_1_164.mat,0
new_1_165.mat,0
new_1_166.mat,0
new_1_167.mat,0
new_1_168.mat,0
new_1_169.mat,0
new_1_170.mat,0
new_1_171.mat,0
new_1_172.mat,0
new_1_173.mat,0
new_1_174.mat,0
new_1_175.mat,0
new_1_176.mat,0
new_1_177.mat,0
new_1_178.mat,0
new_1_179.mat,0
new_1_180.mat,0
new_1_181.mat,0
new_1_182.mat,0
new_1_183.mat,0
new_1_184.mat,0
new_1_185.mat,0
new_1_186.mat,0
new_1_187.mat,0
new_1_188.mat,0
new_1_189.mat,0
new_1_190.mat,0
new_1_191.mat,0
new_1_192.mat,0
new_1_193.mat,0
new_1_194.mat,0
new_1_195.mat,0
new_1_196.mat,0
new_1_197.mat,0
new_1_198.mat,0
new_1_199.mat,0
new_1_200.mat,0
new_1_201.mat,0
new_1_202.mat,0
new_1_203.mat,0
new_1_204.mat,0
new_1_205.mat,0
new_1_206.mat,0
new_1_207.mat,0
new_1_208.mat,0
new_1_209.mat,0
new_1_210.mat,0
new_1_211.mat,0
new_1_212.mat,0
new_1_213.mat,0
new_1_214.mat,0
new_1_215.mat,0
new_1_216.mat,0
new_2_1.mat,0
new_2_2.mat,0
new_2_3.mat,0
new_2_4.mat,0
new_2_5.mat,0
new_2_6.mat,0
new_2_7.mat,0
new_2_8.mat,0
new_2_9.mat,0
new_2_10.mat,0
new_2_11.mat,0
new_2_12.mat,0
new_2_13.mat,0
new_2_14.mat,0
new_2_15.mat,0
new_2_16.mat,0
new_2_17.mat,0
new_2_18.mat,0
new_2_19.mat,0
new_2_20.mat,0
new_2_21.mat,0
new_2_22.mat,0
new_2_23.mat,0
new_2_24.mat,0
new_2_25.mat,0
new_2_26.mat,0
new_2_27.mat,0
new_2_28.mat,0
new_2_29.mat,0
new_2_30.mat,0
new_2_31.mat,0
new_2_32.mat,0
new_2_33.mat,0
new_2_34.mat,0
new_2_35.mat,0
new_2_36.mat,0
new_2_37.mat,0
new_2_38.mat,0
new_2_39.mat,0
new_2_40.mat,0
new_2_41.mat,0
new_2_42.mat,0
new_2_43.mat,0
new_2_44.mat,0
new_2_45.mat,0
new_2_46.mat,0
new_2_47.mat,0
new_2_48.mat,0
new_2_49.mat,0
new_2_50.mat,0
new_2_51.mat,0
new_2_52.mat,0
new_2_53.mat,0
new_2_54.mat,0
new_2_55.mat,0
new_2_56.mat,0
new_2_57.mat,0
new_2_58.mat,0
new_2_59.mat,0
new_2_60.mat,0
new_2_61.mat,0
new_2_62.mat,0
new_2_63.mat,0
new_2_64.mat,0
new_2_65.mat,0
new_2_66.mat,0
new_2_67.mat,0
new_2_68.mat,0
new_2_69.mat,0
new_2_70.mat,0
new_2_71.mat,0
new_2_72.mat,0
new_2_73.mat,0
new_2_74.mat,0
new_2_75.mat,0
new_2_76.mat,0
new_2_77.mat,0
new_2_78.mat,0
new_2_79.mat,0
new_2_80.mat,0
new_2_81.mat,0
new_2_82.mat,0
new_2_83.mat,0
new_2_84.mat,0
new_2_85.mat,0
new_2_86.mat,0
new_2_87.mat,0
new_2_88.mat,0
new_2_89.mat,0
new_2_90.mat,0
new_2_91.mat,0
new_2_92.mat,0
new_2_93.mat,0
new_2_94.mat,0
new_2_95.mat,0
new_2_96.mat,0
new_2_97.mat,0
new_2_98.mat,0
new_2_99.mat,0
new_2_100.mat,0
new_2_101.mat,0
new_2_102.mat,0
new_2_103.mat,0
new_2_104.mat,0
new_2_105.mat,0
new_2_106.mat,0
new_2_107.mat,0
new_2_108.mat,0
new_2_109.mat,0
new_2_110.mat,0
new_2_111.mat,0
new_2_112.mat,0
new_2_113.mat,0
new_2_114.mat,0
new_2_115.mat,0
new_2_116.mat,0
new_2_117.mat,0
new_2_118.mat,0
new_2_119.mat,0
new_2_120.mat,0
new_2_121.mat,0
new_2_122.mat,0
new_2_123.mat,0
new_2_124.mat,0
new_2_125.mat,0
new_2_126.mat,0
new_2_127.mat,0
new_2_128.mat,0
new_2_129.mat,0
new_2_130.mat,0
new_2_131.mat,0
new_2_132.mat,0
new_2_133.mat,0
new_2_134.mat,0
new_2_135.mat,0
new_2_136.mat,0
new_2_137.mat,0
new_2_138.mat,0
new_2_139.mat,0
new_2_140.mat,0
new_2_141.mat,0
new_2_142.mat,0
new_2_143.mat,0
new_2_144.mat,0
new_2_145.mat,0
new_2_146.mat,0
new_2_147.mat,0
new_2_148.mat,0
new_2_149.mat,0
new_2_150.mat,0
new_2_151.mat,0
new_2_152.mat,0
new_2_153.mat,0
new_2_154.mat,0
new_2_155.mat,0
new_2_156.mat,0
new_2_157.mat,0
new_2_158.mat,0
new_2_159.mat,0
new_2_160.mat,0
new_2_161.mat,0
new_2_162.mat,0
new_2_163.mat,0
new_2_164.mat,0
new_2_165.mat,0
new_2_166.mat,0
new_2_167.mat,0
new_2_168.mat,0
new_2_169.mat,0
new_2_170.mat,0
new_2_171.mat,0
new_2_172.mat,0
new_2_173.mat,0
new_2_174.mat,0
new_2_175.mat,0
new_2_176.mat,0
new_2_177.mat,0
new_2_178.mat,0
new_2_179.mat,0
new_2_180.mat,0
new_2_181.mat,0
new_2_182.mat,0
new_2_183.mat,0
new_2_184.mat,0
new_2_185.mat,0
new_2_186.mat,0
new_2_187.mat,0
new_2_188.mat,0
new_2_189.mat,0
new_2_190.mat,0
new_2_191.mat,0
new_2_192.mat,0
new_2_193.mat,0
new_2_194.mat,0
new_2_195.mat,0
new_2_196.mat,0
new_2_197.mat,0
new_2_198.mat,0
new_2_199.mat,0
new_2_200.mat,0
new_2_201.mat,0
new_2_202.mat,0
new_2_203.mat,0
new_2_204.mat,0
new_2_205.mat,0
new_2_206.mat,0
new_2_207.mat,0
new_2_208.mat,0
new_2_209.mat,0
new_2_210.mat,0
new_2_211.mat,0
new_2_212.mat,0
new_2_213.mat,0
new_2_214.mat,0
new_2_215.mat,0
new_2_216.mat,0
new_2_217.mat,0
new_2_218.mat,0
new_2_219.mat,0
new_2_220.mat,0
new_2_221.mat,0
new_2_222.mat,0
new_2_223.mat,0
new_2_224.mat,0
new_2_225.mat,0
new_2_226.mat,0
new_2_227.mat,0
new_2_228.mat,0
new_2_229.mat,0
new_2_230.mat,0
new_2_231.mat,0
new_2_232.mat,0
new_2_233.mat,0
new_2_234.mat,0
new_2_235.mat,0
new_2_236.mat,0
new_2_237.mat,0
new_2_238.mat,0
new_2_239.mat,0
new_2_240.mat,0
new_2_241.mat,0
new_2_242.mat,0
new_2_243.mat,0
new_2_244.mat,0
new_2_245.mat,0
new_2_246.mat,0
new_2_247.mat,0
new_2_248.mat,0
new_2_249.mat,0
new_2_250.mat,0
new_2_251.mat,0
new_2_252.mat,0
new_2_253.mat,0
new_2_254.mat,0
new_2_255.mat,0
new_2_256.mat,0
new_2_257.mat,0
new_2_258.mat,0
new_2_259.mat,0
new_2_260.mat,0
new_2_261.mat,0
new_2_262.mat,0
new_2_263.mat,0
new_2_264.mat,0
new_2_265.mat,0
new_2_266.mat,0
new_2_267.mat,0
new_2_268.mat,0
new_2_269.mat,0
new_2_270.mat,0
new_2_271.mat,0
new_2_272.mat,0
new_2_273.mat,0
new_2_274.mat,0
new_2_275.mat,0
new_2_276.mat,0
new_2_277.mat,0
new_2_278.mat,0
new_2_279.mat,0
new_2_280.mat,0
new_2_281.mat,0
new_2_282.mat,0
new_2_283.mat,0
new_2_284.mat,0
new_2_285.mat,0
new_2_286.mat,0
new_2_287.mat,0
new_2_288.mat,0
new_2_289.mat,0
new_2_290.mat,0
new_2_291.mat,0
new_2_292.mat,0
new_2_293.mat,0
new_2_294.mat,0
new_2_295.mat,0
new_2_296.mat,0
new_2_297.mat,0
new_2_298.mat,0
new_2_299.mat,0
new_2_300.mat,0
new_2_301.mat,0
new_2_302.mat,0
new_2_303.mat,0
new_2_304.mat,0
new_2_305.mat,0
new_2_306.mat,0
new_2_307.mat,0
new_2_308.mat,0
new_2_309.mat,0
new_2_310.mat,0
new_2_311.mat,0
new_2_312.mat,0
new_2_313.mat,0
new_2_314.mat,0
new_2_315.mat,0
new_2_316.mat,0
new_2_317.mat,0
new_2_318.mat,0
new_2_319.mat,0
new_2_320.mat,0
new_2_321.mat,0
new_2_322.mat,0
new_2_323.mat,0
new_2_324.mat,0
new_2_325.mat,0
new_2_326.mat,0
new_2_327.mat,0
new_2_328.mat,0
new_2_329.mat,0
new_2_330.mat,0
new_2_331.mat,0
new_2_332.mat,0
new_2_333.mat,0
new_2_334.mat,0
new_2_335.mat,0
new_2_336.mat,0
new_2_337.mat,0
new_2_338.mat,0
new_2_339.mat,0
new_2_340.mat,0
new_2_341.mat,0
new_2_342.mat,0
new_2_343.mat,0
new_2_344.mat,0
new_2_345.mat,0
new_2_346.mat,0
new_2_347.mat,0
new_2_348.mat,0
new_2_349.mat,0
new_2_350.mat,0
new_2_351.mat,0
new_2_352.mat,0
new_2_353.mat,0
new_2_354.mat,0
new_2_355.mat,0
new_2_356.mat,0
new_2_357.mat,0
new_2_358.mat,0
new_2_359.mat,0
new_2_360.mat,0
new_2_361.mat,0
new_2_362.mat,0
new_2_363.mat,0
new_2_364.mat,0
new_2_365.mat,0
new_2_366.mat,0
new_2_367.mat,0
new_2_368.mat,0
new_2_369.mat,0
new_2_370.mat,0
new_2_371.mat,0
new_2_372.mat,0
new_2_373.mat,0
new_2_374.mat,0
new_2_375.mat,0
new_2_376.mat,0
new_2_377.mat,0
new_2_378.mat,0
new_2_379.mat,0
new_2_380.mat,0
new_2_381.mat,0
new_2_382.mat,0
new_2_383.mat,0
new_2_384.mat,0
new_2_385.mat,0
new_2_386.mat,0
new_2_387.mat,0
new_2_388.mat,0
new_2_389.mat,0
new_2_390.mat,0
new_2_391.mat,0
new_2_392.mat,0
new_2_393.mat,0
new_2_394.mat,0
new_2_395.mat,0
new_2_396.mat,0
new_2_397.mat,0
new_2_398.mat,0
new_2_399.mat,0
new_2_400.mat,0
new_2_401.mat,0
new_2_402.mat,0
new_2_403.mat,0
new_2_404.mat,0
new_2_405.mat,0
new_2_406.mat,0
new_2_407.mat,0
new_2_408.mat,0
new_2_409.mat,0
new_2_410.mat,0
new_2_411.mat,0
new_2_412.mat,0
new_2_413.mat,0
new_2_414.mat,0
new_2_415.mat,0
new_2_416.mat,0
new_2_417.mat,0
new_2_418.mat,0
new_2_419.mat,0
new_2_420.mat,0
new_2_421.mat,0
new_2_422.mat,0
new_2_423.mat,0
new_2_424.mat,0
new_2_425.mat,0
new_2_426.mat,0
new_2_427.mat,0
new_2_428.mat,0
new_2_429.mat,0
new_2_430.mat,0
new_2_431.mat,0
new_2_432.mat,0
new_2_433.mat,0
new_2_434.mat,0
new_2_435.mat,0
new_2_436.mat,0
new_2_437.mat,0
new_2_438.mat,0
new_2_439.mat,0
new_2_440.mat,0
new_2_441.mat,0
new_2_442.mat,0
new_2_443.mat,0
new_2_444.mat,0
new_2_445.mat,0
new_2_446.mat,0
new_2_447.mat,0
new_2_448.mat,0
new_2_449.mat,0
new_2_450.mat,0
new_2_451.mat,0
new_2_452.mat,0
new_2_453.mat,0
new_2_454.mat,0
new_2_455.mat,0
new_2_456.mat,0
new_2_457.mat,0
new_2_458.mat,0
new_2_459.mat,0
new_2_460.mat,0
new_2_461.mat,0
new_2_462.mat,0
new_2_463.mat,0
new_2_464.mat,0
new_2_465.mat,0
new_2_466.mat,0
new_2_467.mat,0
new_2_468.mat,0
new_2_469.mat,0
new_2_470.mat,0
new_2_471.mat,0
new_2_472.mat,0
new_2_473.mat,0
new_2_474.mat,0
new_2_475.mat,0
new_2_476.mat,0
new_2_477.mat,0
new_2_478.mat,0
new_2_479.mat,0
new_2_480.mat,0
new_2_481.mat,0
new_2_482.mat,0
new_2_483.mat,0
new_2_484.mat,0
new_2_485.mat,0
new_2_486.mat,0
new_2_487.mat,0
new_2_488.mat,0
new_2_489.mat,0
new_2_490.mat,0
new_2_491.mat,0
new_2_492.mat,0
new_2_493.mat,0
new_2_494.mat,0
new_2_495.mat,0
new_2_496.mat,0
new_2_497.mat,0
new_2_498.mat,0
new_2_499.mat,0
new_2_500.mat,0
new_2_501.mat,0
new_2_502.mat,0
new_2_503.mat,0
new_2_504.mat,0
new_2_505.mat,0
new_2_506.mat,0
new_2_507.mat,0
new_2_508.mat,0
new_2_509.mat,0
new_2_510.mat,0
new_2_511.mat,0
new_2_512.mat,0
new_2_513.mat,0
new_2_514.mat,0
new_2_515.mat,0
new_2_516.mat,0
new_2_517.mat,0
new_2_518.mat,0
new_2_519.mat,0
new_2_520.mat,0
new_2_521.mat,0
new_2_522.mat,0
new_2_523.mat,0
new_2_524.mat,0
new_2_525.mat,0
new_2_526.mat,0
new_2_527.mat,0
new_2_528.mat,0
new_2_529.mat,0
new_2_530.mat,0
new_2_531.mat,0
new_2_532.mat,0
new_2_533.mat,0
new_2_534.mat,0
new_2_535.mat,0
new_2_536.mat,0
new_2_537.mat,0
new_2_538.mat,0
new_2_539.mat,0
new_2_540.mat,0
new_2_541.mat,0
new_2_542.mat,0
new_2_543.mat,0
new_2_544.mat,0
new_2_545.mat,0
new_2_546.mat,0
new_2_547.mat,0
new_2_548.mat,0
new_2_549.mat,0
new_2_550.mat,0
new_2_551.mat,0
new_2_552.mat,0
new_2_553.mat,0
new_2_554.mat,0
new_2_555.mat,0
new_2_556.mat,0
new_2_557.mat,0
new_2_558.mat,0
new_2_559.mat,0
new_2_560.mat,0
new_2_561.mat,0
new_2_562.mat,0
new_2_563.mat,0
new_2_564.mat,0
new_2_565.mat,0
new_2_566.mat,0
new_2_567.mat,0
new_2_568.mat,0
new_2_569.mat,0
new_2_570.mat,0
new_2_571.mat,0
new_2_572.mat,0
new_2_573.mat,0
new_2_574.mat,0
new_2_575.mat,0
new_2_576.mat,0
new_2_577.mat,0
new_2_578.mat,0
new_2_579.mat,0
new_2_580.mat,0
new_2_581.mat,0
new_2_582.mat,0
new_2_583.mat,0
new_2_584.mat,0
new_2_585.mat,0
new_2_586.mat,0
new_2_587.mat,0
new_2_588.mat,0
new_2_589.mat,0
new_2_590.mat,0
new_2_591.mat,0
new_2_592.mat,0
new_2_593.mat,0
new_2_594.mat,0
new_2_595.mat,0
new_2_596.mat,0
new_2_597.mat,0
new_2_598.mat,0
new_2_599.mat,0
new_2_600.mat,0
new_2_601.mat,0
new_2_602.mat,0
new_2_603.mat,0
new_2_604.mat,0
new_2_605.mat,0
new_2_606.mat,0
new_2_607.mat,0
new_2_608.mat,0
new_2_609.mat,0
new_2_610.mat,0
new_2_611.mat,0
new_2_612.mat,0
new_2_613.mat,0
new_2_614.mat,0
new_2_615.mat,0
new_2_616.mat,0
new_2_617.mat,0
new_2_618.mat,0
new_2_619.mat,0
new_2_620.mat,0
new_2_621.mat,0
new_2_622.mat,0
new_2_623.mat,0
new_2_624.mat,0
new_2_625.mat,0
new_2_626.mat,0
new_2_627.mat,0
new_2_628.mat,0
new_2_629.mat,0
new_2_630.mat,0
new_2_631.mat,0
new_2_632.mat,0
new_2_633.mat,0
new_2_634.mat,0
new_2_635.mat,0
new_2_636.mat,0
new_2_637.mat,0
new_2_638.mat,0
new_2_639.mat,0
new_2_640.mat,0
new_2_641.mat,0
new_2_642.mat,0
new_2_643.mat,0
new_2_644.mat,0
new_2_645.mat,0
new_2_646.mat,0
new_2_647.mat,0
new_2_648.mat,0
new_2_649.mat,0
new_2_650.mat,0
new_2_651.mat,0
new_2_652.mat,0
new_2_653.mat,0
new_2_654.mat,0
new_2_655.mat,0
new_2_656.mat,0
new_2_657.mat,0
new_2_658.mat,0
new_2_659.mat,0
new_2_660.mat,0
new_2_661.mat,0
new_2_662.mat,0
new_2_663.mat,0
new_2_664.mat,0
new_2_665.mat,0
new_2_666.mat,0
new_2_667.mat,0
new_2_668.mat,0
new_2_669.mat,0
new_2_670.mat,0
new_2_671.mat,0
new_2_672.mat,0
new_2_673.mat,0
new_2_674.mat,0
new_2_675.mat,0
new_2_676.mat,0
new_2_677.mat,0
new_2_678.mat,0
new_2_679.mat,0
new_2_680.mat,0
new_2_681.mat,0
new_2_682.mat,0
new_2_683.mat,0
new_2_684.mat,0
new_2_685.mat,0
new_2_686.mat,0
new_2_687.mat,0
new_2_688.mat,0
new_2_689.mat,0
new_2_690.mat,0
new_2_691.mat,0
new_2_692.mat,0
new_2_693.mat,0
new_2_694.mat,0
new_2_695.mat,0
new_2_696.mat,0
new_2_697.mat,0
new_2_698.mat,0
new_2_699.mat,0
new_2_700.mat,0
new_2_701.mat,0
new_2_702.mat,0
new_2_703.mat,0
new_2_704.mat,0
new_2_705.mat,0
new_2_706.mat,0
new_2_707.mat,0
new_2_708.mat,0
new_2_709.mat,0
new_2_710.mat,0
new_2_711.mat,0
new_2_712.mat,0
new_2_713.mat,0
new_2_714.mat,0
new_2_715.mat,0
new_2_716.mat,0
new_2_717.mat,0
new_2_718.mat,0
new_2_719.mat,0
new_2_720.mat,0
new_2_721.mat,0
new_2_722.mat,0
new_2_723.mat,0
new_2_724.mat,0
new_2_725.mat,0
new_2_726.mat,0
new_2_727.mat,0
new_2_728.mat,0
new_2_729.mat,0
new_2_730.mat,0
new_2_731.mat,0
new_2_732.mat,0
new_2_733.mat,0
new_2_734.mat,0
new_2_735.mat,0
new_2_736.mat,0
new_2_737.mat,0
new_2_738.mat,0
new_2_739.mat,0
new_2_740.mat,0
new_2_741.mat,0
new_2_742.mat,0
new_2_743.mat,0
new_2_744.mat,0
new_2_745.mat,0
new_2_746.mat,0
new_2_747.mat,0
new_2_748.mat,0
new_2_749.mat,0
new_2_750.mat,0
new_2_751.mat,0
new_2_752.mat,0
new_2_753.mat,0
new_2_754.mat,0
new_2_755.mat,0
new_2_756.mat,0
new_2_757.mat,0
new_2_758.mat,0
new_2_759.mat,0
new_2_760.mat,0
new_2_761.mat,0
new_2_762.mat,0
new_2_763.mat,0
new_2_764.mat,0
new_2_765.mat,0
new_2_766.mat,0
new_2_767.mat,0
new_2_768.mat,0
new_2_769.mat,0
new_2_770.mat,0
new_2_771.mat,0
new_2_772.mat,0
new_2_773.mat,0
new_2_774.mat,0
new_2_775.mat,0
new_2_776.mat,0
new_2_777.mat,0
new_2_778.mat,0
new_2_779.mat,0
new_2_780.mat,0
new_2_781.mat,0
new_2_782.mat,0
new_2_783.mat,0
new_2_784.mat,0
new_2_785.mat,0
new_2_786.mat,0
new_2_787.mat,0
new_2_788.mat,0
new_2_789.mat,0
new_2_790.mat,0
new_2_791.mat,0
new_2_792.mat,0
new_2_793.mat,0
new_2_794.mat,0
new_2_795.mat,0
new_2_796.mat,0
new_2_797.mat,0
new_2_798.mat,0
new_2_799.mat,0
new_2_800.mat,0
new_2_801.mat,0
new_2_802.mat,0
new_2_803.mat,0
new_2_804.mat,0
new_2_805.mat,0
new_2_806.mat,0
new_2_807.mat,0
new_2_808.mat,0
new_2_809.mat,0
new_2_810.mat,0
new_2_811.mat,0
new_2_812.mat,0
new_2_813.mat,0
new_2_814.mat,0
new_2_815.mat,0
new_2_816.mat,0
new_2_817.mat,0
new_2_818.mat,0
new_2_819.mat,0
new_2_820.mat,0
new_2_821.mat,0
new_2_822.mat,0
new_2_823.mat,0
new_2_824.mat,0
new_2_825.mat,0
new_2_826.mat,0
new_2_827.mat,0
new_2_828.mat,0
new_2_829.mat,0
new_2_830.mat,0
new_2_831.mat,0
new_2_832.mat,0
new_2_833.mat,0
new_2_834.mat,0
new_2_835.mat,0
new_2_836.mat,0
new_2_837.mat,0
new_2_838.mat,0
new_2_839.mat,0
new_2_840.mat,0
new_2_841.mat,0
new_2_842.mat,0
new_2_843.mat,0
new_2_844.mat,0
new_2_845.mat,0
new_2_846.mat,0
new_2_847.mat,0
new_2_848.mat,0
new_2_849.mat,0
new_2_850.mat,0
new_2_851.mat,0
new_2_852.mat,0
new_2_853.mat,0
new_2_854.mat,0
new_2_855.mat,0
new_2_856.mat,0
new_2_857.mat,0
new_2_858.mat,0
new_2_859.mat,0
new_2_860.mat,0
new_2_861.mat,0
new_2_862.mat,0
new_2_863.mat,0
new_2_864.mat,0
new_2_865.mat,0
new_2_866.mat,0
new_2_867.mat,0
new_2_868.mat,0
new_2_869.mat,0
new_2_870.mat,0
new_2_871.mat,0
new_2_872.mat,0
new_2_873.mat,0
new_2_874.mat,0
new_2_875.mat,0
new_2_876.mat,0
new_2_877.mat,0
new_2_878.mat,0
new_2_879.mat,0
new_2_880.mat,0
new_2_881.mat,0
new_2_882.mat,0
new_2_883.mat,0
new_2_884.mat,0
new_2_885.mat,0
new_2_886.mat,0
new_2_887.mat,0
new_2_888.mat,0
new_2_889.mat,0
new_2_890.mat,0
new_2_891.mat,0
new_2_892.mat,0
new_2_893.mat,0
new_2_894.mat,0
new_2_895.mat,0
new_2_896.mat,0
new_2_897.mat,0
new_2_898.mat,0
new_2_899.mat,0
new_2_900.mat,0
new_2_901.mat,0
new_2_902.mat,0
new_2_903.mat,0
new_2_904.mat,0
new_2_905.mat,0
new_2_906.mat,0
new_2_907.mat,0
new_2_908.mat,0
new_2_909.mat,0
new_2_910.mat,0
new_2_911.mat,0
new_2_912.mat,0
new_2_913.mat,0
new_2_914.mat,0
new_2_915.mat,0
new_2_916.mat,0
new_2_917.mat,0
new_2_918.mat,0
new_2_919.mat,0
new_2_920.mat,0
new_2_921.mat,0
new_2_922.mat,0
new_2_923.mat,0
new_2_924.mat,0
new_2_925.mat,0
new_2_926.mat,0
new_2_927.mat,0
new_2_928.mat,0
new_2_929.mat,0
new_2_930.mat,0
new_2_931.mat,0
new_2_932.mat,0
new_2_933.mat,0
new_2_934.mat,0
new_2_935.mat,0
new_2_936.mat,0
new_2_937.mat,0
new_2_938.mat,0
new_2_939.mat,0
new_2_940.mat,0
new_2_941.mat,0
new_2_942.mat,0
new_2_943.mat,0
new_2_944.mat,0
new_2_945.mat,0
new_2_946.mat,0
new_2_947.mat,0
new_2_948.mat,0
new_2_949.mat,0
new_2_950.mat,0
new_2_951.mat,0
new_2_952.mat,0
new_2_953.mat,0
new_2_954.mat,0
new_2_955.mat,0
new_2_956.mat,0
new_2_957.mat,0
new_2_958.mat,0
new_2_959.mat,0
new_2_960.mat,0
new_2_961.mat,0
new_2_962.mat,0
new_2_963.mat,0
new_2_964.mat,0
new_2_965.mat,0
new_2_966.mat,0
new_2_967.mat,0
new_2_968.mat,0
new_2_969.mat,0
new_2_970.mat,0
new_2_971.mat,0
new_2_972.mat,0
new_2_973.mat,0
new_2_974.mat,0
new_2_975.mat,0
new_2_976.mat,0
new_2_977.mat,0
new_2_978.mat,0
new_2_979.mat,0
new_2_980.mat,0
new_2_981.mat,0
new_2_982.mat,0
new_2_983.mat,0
new_2_984.mat,0
new_2_985.mat,0
new_2_986.mat,0
new_2_987.mat,0
new_2_988.mat,0
new_2_989.mat,0
new_2_990.mat,0
new_2_991.mat,0
new_2_992.mat,0
new_2_993.mat,0
new_2_994.mat,0
new_2_995.mat,0
new_2_996.mat,0
new_2_997.mat,0
new_2_998.mat,0
new_2_999.mat,0
new_2_1000.mat,0
new_2_1001.mat,0
new_2_1002.mat,0
new_3_1.mat,0
new_3_2.mat,0
new_3_3.mat,0
new_3_4.mat,0
new_3_5.mat,0
new_3_6.mat,0
new_3_7.mat,0
new_3_8.mat,0
new_3_9.mat,0
new_3_10.mat,0
new_3_11.mat,0
new_3_12.mat,0
new_3_13.mat,0
new_3_14.mat,0
new_3_15.mat,0
new_3_16.mat,0
new_3_17.mat,0
new_3_18.mat,0
new_3_19.mat,0
new_3_20.mat,0
new_3_21.mat,0
new_3_22.mat,0
new_3_23.mat,0
new_3_24.mat,0
new_3_25.mat,0
new_3_26.mat,0
new_3_27.mat,0
new_3_28.mat,0
new_3_29.mat,0
new_3_30.mat,0
new_3_31.mat,0
new_3_32.mat,0
new_3_33.mat,0
new_3_34.mat,0
new_3_35.mat,0
new_3_36.mat,0
new_3_37.mat,0
new_3_38.mat,0
new_3_39.mat,0
new_3_40.mat,0
new_3_41.mat,0
new_3_42.mat,0
new_3_43.mat,0
new_3_44.mat,0
new_3_45.mat,0
new_3_46.mat,0
new_3_47.mat,0
new_3_48.mat,0
new_3_49.mat,0
new_3_50.mat,0
new_3_51.mat,0
new_3_52.mat,0
new_3_53.mat,0
new_3_54.mat,0
new_3_55.mat,0
new_3_56.mat,0
new_3_57.mat,0
new_3_58.mat,0
new_3_59.mat,0
new_3_60.mat,0
new_3_61.mat,0
new_3_62.mat,0
new_3_63.mat,0
new_3_64.mat,0
new_3_65.mat,0
new_3_66.mat,0
new_3_67.mat,0
new_3_68.mat,0
new_3_69.mat,0
new_3_70.mat,0
new_3_71.mat,0
new_3_72.mat,0
new_3_73.mat,0
new_3_74.mat,0
new_3_75.mat,0
new_3_76.mat,0
new_3_77.mat,0
new_3_78.mat,0
new_3_79.mat,0
new_3_80.mat,0
new_3_81.mat,0
new_3_82.mat,0
new_3_83.mat,0
new_3_84.mat,0
new_3_85.mat,0
new_3_86.mat,0
new_3_87.mat,0
new_3_88.mat,0
new_3_89.mat,0
new_3_90.mat,0
new_3_91.mat,0
new_3_92.mat,0
new_3_93.mat,0
new_3_94.mat,0
new_3_95.mat,0
new_3_96.mat,0
new_3_97.mat,0
new_3_98.mat,0
new_3_99.mat,0
new_3_100.mat,0
new_3_101.mat,0
new_3_102.mat,0
new_3_103.mat,0
new_3_104.mat,0
new_3_105.mat,0
new_3_106.mat,0
new_3_107.mat,0
new_3_108.mat,0
new_3_109.mat,0
new_3_110.mat,0
new_3_111.mat,0
new_3_112.mat,0
new_3_113.mat,0
new_3_114.mat,0
new_3_115.mat,0
new_3_116.mat,0
new_3_117.mat,0
new_3_118.mat,0
new_3_119.mat,0
new_3_120.mat,0
new_3_121.mat,0
new_3_122.mat,0
new_3_123.mat,0
new_3_124.mat,0
new_3_125.mat,0
new_3_126.mat,0
new_3_127.mat,0
new_3_128.mat,0
new_3_129.mat,0
new_3_130.mat,0
new_3_131.mat,0
new_3_132.mat,0
new_3_133.mat,0
new_3_134.mat,0
new_3_135.mat,0
new_3_136.mat,0
new_3_137.mat,0
new_3_138.mat,0
new_3_139.mat,0
new_3_140.mat,0
new_3_141.mat,0
new_3_142.mat,0
new_3_143.mat,0
new_3_144.mat,0
new_3_145.mat,0
new_3_146.mat,0
new_3_147.mat,0
new_3_148.mat,0
new_3_149.mat,0
new_3_150.mat,0
new_3_151.mat,0
new_3_152.mat,0
new_3_153.mat,0
new_3_154.mat,0
new_3_155.mat,0
new_3_156.mat,0
new_3_157.mat,0
new_3_158.mat,0
new_3_159.mat,0
new_3_160.mat,0
new_3_161.mat,0
new_3_162.mat,0
new_3_163.mat,0
new_3_164.mat,0
new_3_165.mat,0
new_3_166.mat,0
new_3_167.mat,0
new_3_168.mat,0
new_3_169.mat,0
new_3_170.mat,0
new_3_171.mat,0
new_3_172.mat,0
new_3_173.mat,0
new_3_174.mat,0
new_3_175.mat,0
new_3_176.mat,0
new_3_177.mat,0
new_3_178.mat,0
new_3_179.mat,0
new_3_180.mat,0
new_3_181.mat,0
new_3_182.mat,0
new_3_183.mat,0
new_3_184.mat,0
new_3_185.mat,0
new_3_186.mat,0
new_3_187.mat,0
new_3_188.mat,0
new_3_189.mat,0
new_3_190.mat,0
new_3_191.mat,0
new_3_192.mat,0
new_3_193.mat,0
new_3_194.mat,0
new_3_195.mat,0
new_3_196.mat,0
new_3_197.mat,0
new_3_198.mat,0
new_3_199.mat,0
new_3_200.mat,0
new_3_201.mat,0
new_3_202.mat,0
new_3_203.mat,0
new_3_204.mat,0
new_3_205.mat,0
new_3_206.mat,0
new_3_207.mat,0
new_3_208.mat,0
new_3_209.mat,0
new_3_210.mat,0
new_3_211.mat,0
new_3_212.mat,0
new_3_213.mat,0
new_3_214.mat,0
new_3_215.mat,0
new_3_216.mat,0
new_3_217.mat,0
new_3_218.mat,0
new_3_219.mat,0
new_3_220.mat,0
new_3_221.mat,0
new_3_222.mat,0
new_3_223.mat,0
new_3_224.mat,0
new_3_225.mat,0
new_3_226.mat,0
new_3_227.mat,0
new_3_228.mat,0
new_3_229.mat,0
new_3_230.mat,0
new_3_231.mat,0
new_3_232.mat,0
new_3_233.mat,0
new_3_234.mat,0
new_3_235.mat,0
new_3_236.mat,0
new_3_237.mat,0
new_3_238.mat,0
new_3_239.mat,0
new_3_240.mat,0
new_3_241.mat,0
new_3_242.mat,0
new_3_243.mat,0
new_3_244.mat,0
new_3_245.mat,0
new_3_246.mat,0
new_3_247.mat,0
new_3_248.mat,0
new_3_249.mat,0
new_3_250.mat,0
new_3_251.mat,0
new_3_252.mat,0
new_3_253.mat,0
new_3_254.mat,0
new_3_255.mat,0
new_3_256.mat,0
new_3_257.mat,0
new_3_258.mat,0
new_3_259.mat,0
new_3_260.mat,0
new_3_261.mat,0
new_3_262.mat,0
new_3_263.mat,0
new_3_264.mat,0
new_3_265.mat,0
new_3_266.mat,0
new_3_267.mat,0
new_3_268.mat,0
new_3_269.mat,0
new_3_270.mat,0
new_3_271.mat,0
new_3_272.mat,0
new_3_273.mat,0
new_3_274.mat,0
new_3_275.mat,0
new_3_276.mat,0
new_3_277.mat,0
new_3_278.mat,0
new_3_279.mat,0
new_3_280.mat,0
new_3_281.mat,0
new_3_282.mat,0
new_3_283.mat,0
new_3_284.mat,0
new_3_285.mat,0
new_3_286.mat,0
new_3_287.mat,0
new_3_288.mat,0
new_3_289.mat,0
new_3_290.mat,0
new_3_291.mat,0
new_3_292.mat,0
new_3_293.mat,0
new_3_294.mat,0
new_3_295.mat,0
new_3_296.mat,0
new_3_297.mat,0
new_3_298.mat,0
new_3_299.mat,0
new_3_300.mat,0
new_3_301.mat,0
new_3_302.mat,0
new_3_303.mat,0
new_3_304.mat,0
new_3_305.mat,0
new_3_306.mat,0
new_3_307.mat,0
new_3_308.mat,0
new_3_309.mat,0
new_3_310.mat,0
new_3_311.mat,0
new_3_312.mat,0
new_3_313.mat,0
new_3_314.mat,0
new_3_315.mat,0
new_3_316.mat,0
new_3_317.mat,0
new_3_318.mat,0
new_3_319.mat,0
new_3_320.mat,0
new_3_321.mat,0
new_3_322.mat,0
new_3_323.mat,0
new_3_324.mat,0
new_3_325.mat,0
new_3_326.mat,0
new_3_327.mat,0
new_3_328.mat,0
new_3_329.mat,0
new_3_330.mat,0
new_3_331.mat,0
new_3_332.mat,0
new_3_333.mat,0
new_3_334.mat,0
new_3_335.mat,0
new_3_336.mat,0
new_3_337.mat,0
new_3_338.mat,0
new_3_339.mat,0
new_3_340.mat,0
new_3_341.mat,0
new_3_342.mat,0
new_3_343.mat,0
new_3_344.mat,0
new_3_345.mat,0
new_3_346.mat,0
new_3_347.mat,0
new_3_348.mat,0
new_3_349.mat,0
new_3_350.mat,0
new_3_351.mat,0
new_3_352.mat,0
new_3_353.mat,0
new_3_354.mat,0
new_3_355.mat,0
new_3_356.mat,0
new_3_357.mat,0
new_3_358.mat,0
new_3_359.mat,0
new_3_360.mat,0
new_3_361.mat,0
new_3_362.mat,0
new_3_363.mat,0
new_3_364.mat,0
new_3_365.mat,0
new_3_366.mat,0
new_3_367.mat,0
new_3_368.mat,0
new_3_369.mat,0
new_3_370.mat,0
new_3_371.mat,0
new_3_372.mat,0
new_3_373.mat,0
new_3_374.mat,0
new_3_375.mat,0
new_3_376.mat,0
new_3_377.mat,0
new_3_378.mat,0
new_3_379.mat,0
new_3_380.mat,0
new_3_381.mat,0
new_3_382.mat,0
new_3_383.mat,0
new_3_384.mat,0
new_3_385.mat,0
new_3_386.mat,0
new_3_387.mat,0
new_3_388.mat,0
new_3_389.mat,0
new_3_390.mat,0
new_3_391.mat,0
new_3_392.mat,0
new_3_393.mat,0
new_3_394.mat,0
new_3_395.mat,0
new_3_396.mat,0
new_3_397.mat,0
new_3_398.mat,0
new_3_399.mat,0
new_3_400.mat,0
new_3_401.mat,0
new_3_402.mat,0
new_3_403.mat,0
new_3_404.mat,0
new_3_405.mat,0
new_3_406.mat,0
new_3_407.mat,0
new_3_408.mat,0
new_3_409.mat,0
new_3_410.mat,0
new_3_411.mat,0
new_3_412.mat,0
new_3_413.mat,0
new_3_414.mat,0
new_3_415.mat,0
new_3_416.mat,0
new_3_417.mat,0
new_3_418.mat,0
new_3_419.mat,0
new_3_420.mat,0
new_3_421.mat,0
new_3_422.mat,0
new_3_423.mat,0
new_3_424.mat,0
new_3_425.mat,0
new_3_426.mat,0
new_3_427.mat,0
new_3_428.mat,0
new_3_429.mat,0
new_3_430.mat,0
new_3_431.mat,0
new_3_432.mat,0
new_3_433.mat,0
new_3_434.mat,0
new_3_435.mat,0
new_3_436.mat,0
new_3_437.mat,0
new_3_438.mat,0
new_3_439.mat,0
new_3_440.mat,0
new_3_441.mat,0
new_3_442.mat,0
new_3_443.mat,0
new_3_444.mat,0
new_3_445.mat,0
new_3_446.mat,0
new_3_447.mat,0
new_3_448.mat,0
new_3_449.mat,0
new_3_450.mat,0
new_3_451.mat,0
new_3_452.mat,0
new_3_453.mat,0
new_3_454.mat,0
new_3_455.mat,0
new_3_456.mat,0
new_3_457.mat,0
new_3_458.mat,0
new_3_459.mat,0
new_3_460.mat,0
new_3_461.mat,0
new_3_462.mat,0
new_3_463.mat,0
new_3_464.mat,0
new_3_465.mat,0
new_3_466.mat,0
new_3_467.mat,0
new_3_468.mat,0
new_3_469.mat,0
new_3_470.mat,0
new_3_471.mat,0
new_3_472.mat,0
new_3_473.mat,0
new_3_474.mat,0
new_3_475.mat,0
new_3_476.mat,0
new_3_477.mat,0
new_3_478.mat,0
new_3_479.mat,0
new_3_480.mat,0
new_3_481.mat,0
new_3_482.mat,0
new_3_483.mat,0
new_3_484.mat,0
new_3_485.mat,0
new_3_486.mat,0
new_3_487.mat,0
new_3_488.mat,0
new_3_489.mat,0
new_3_490.mat,0
new_3_491.mat,0
new_3_492.mat,0
new_3_493.mat,0
new_3_494.mat,0
new_3_495.mat,0
new_3_496.mat,0
new_3_497.mat,0
new_3_498.mat,0
new_3_499.mat,0
new_3_500.mat,0
new_3_501.mat,0
new_3_502.mat,0
new_3_503.mat,0
new_3_504.mat,0
new_3_505.mat,0
new_3_506.mat,0
new_3_507.mat,0
new_3_508.mat,0
new_3_509.mat,0
new_3_510.mat,0
new_3_511.mat,0
new_3_512.mat,0
new_3_513.mat,0
new_3_514.mat,0
new_3_515.mat,0
new_3_516.mat,0
new_3_517.mat,0
new_3_518.mat,0
new_3_519.mat,0
new_3_520.mat,0
new_3_521.mat,0
new_3_522.mat,0
new_3_523.mat,0
new_3_524.mat,0
new_3_525.mat,0
new_3_526.mat,0
new_3_527.mat,0
new_3_528.mat,0
new_3_529.mat,0
new_3_530.mat,0
new_3_531.mat,0
new_3_532.mat,0
new_3_533.mat,0
new_3_534.mat,0
new_3_535.mat,0
new_3_536.mat,0
new_3_537.mat,0
new_3_538.mat,0
new_3_539.mat,0
new_3_540.mat,0
new_3_541.mat,0
new_3_542.mat,0
new_3_543.mat,0
new_3_544.mat,0
new_3_545.mat,0
new_3_546.mat,0
new_3_547.mat,0
new_3_548.mat,0
new_3_549.mat,0
new_3_550.mat,0
new_3_551.mat,0
new_3_552.mat,0
new_3_553.mat,0
new_3_554.mat,0
new_3_555.mat,0
new_3_556.mat,0
new_3_557.mat,0
new_3_558.mat,0
new_3_559.mat,0
new_3_560.mat,0
new_3_561.mat,0
new_3_562.mat,0
new_3_563.mat,0
new_3_564.mat,0
new_3_565.mat,0
new_3_566.mat,0
new_3_567.mat,0
new_3_568.mat,0
new_3_569.mat,0
new_3_570.mat,0
new_3_571.mat,0
new_3_572.mat,0
new_3_573.mat,0
new_3_574.mat,0
new_3_575.mat,0
new_3_576.mat,0
new_3_577.mat,0
new_3_578.mat,0
new_3_579.mat,0
new_3_580.mat,0
new_3_581.mat,0
new_3_582.mat,0
new_3_583.mat,0
new_3_584.mat,0
new_3_585.mat,0
new_3_586.mat,0
new_3_587.mat,0
new_3_588.mat,0
new_3_589.mat,0
new_3_590.mat,0
new_3_591.mat,0
new_3_592.mat,0
new_3_593.mat,0
new_3_594.mat,0
new_3_595.mat,0
new_3_596.mat,0
new_3_597.mat,0
new_3_598.mat,0
new_3_599.mat,0
new_3_600.mat,0
new_3_601.mat,0
new_3_602.mat,0
new_3_603.mat,0
new_3_604.mat,0
new_3_605.mat,0
new_3_606.mat,0
new_3_607.mat,0
new_3_608.mat,0
new_3_609.mat,0
new_3_610.mat,0
new_3_611.mat,0
new_3_612.mat,0
new_3_613.mat,0
new_3_614.mat,0
new_3_615.mat,0
new_3_616.mat,0
new_3_617.mat,0
new_3_618.mat,0
new_3_619.mat,0
new_3_620.mat,0
new_3_621.mat,0
new_3_622.mat,0
new_3_623.mat,0
new_3_624.mat,0
new_3_625.mat,0
new_3_626.mat,0
new_3_627.mat,0
new_3_628.mat,0
new_3_629.mat,0
new_3_630.mat,0
new_3_631.mat,0
new_3_632.mat,0
new_3_633.mat,0
new_3_634.mat,0
new_3_635.mat,0
new_3_636.mat,0
new_3_637.mat,0
new_3_638.mat,0
new_3_639.mat,0
new_3_640.mat,0
new_3_641.mat,0
new_3_642.mat,0
new_3_643.mat,0
new_3_644.mat,0
new_3_645.mat,0
new_3_646.mat,0
new_3_647.mat,0
new_3_648.mat,0
new_3_649.mat,0
new_3_650.mat,0
new_3_651.mat,0
new_3_652.mat,0
new_3_653.mat,0
new_3_654.mat,0
new_3_655.mat,0
new_3_656.mat,0
new_3_657.mat,0
new_3_658.mat,0
new_3_659.mat,0
new_3_660.mat,0
new_3_661.mat,0
new_3_662.mat,0
new_3_663.mat,0
new_3_664.mat,0
new_3_665.mat,0
new_3_666.mat,0
new_3_667.mat,0
new_3_668.mat,0
new_3_669.mat,0
new_3_670.mat,0
new_3_671.mat,0
new_3_672.mat,0
new_3_673.mat,0
new_3_674.mat,0
new_3_675.mat,0
new_3_676.mat,0
new_3_677.mat,0
new_3_678.mat,0
new_3_679.mat,0
new_3_680.mat,0
new_3_681.mat,0
new_3_682.mat,0
new_3_683.mat,0
new_3_684.mat,0
new_3_685.mat,0
new_3_686.mat,0
new_3_687.mat,0
new_3_688.mat,0
new_3_689.mat,0
new_3_690.mat,0
